burrow,stage,boat_id,stroke,site,goby_number,shrimp_species,goby_total,goby_out,burrow_stage,shrimp_out,shrimp_total,shrimp_number,shrimp_contact
4,Pre,A,2,SITE 1,2,mannarensis,299.998,0.9844648964326428,4 Pre,0.8459910196707212,299.98900000000003,1,0.8797754644213108
34,During,A,control,SITE 3,2,mannarensis,299.9975,0.8767589729914417,34 During,0.862920793977002,299.9835,2,0.879815064200856
34,Pre,A,control,SITE 3,2,mannarensis,299.9905,0.6388085622711386,34 Pre,0.4185025675004141,313.924,2,0.8728153656918662
34,Post,A,control,SITE 3,2,mannarensis,299.993,0.9198114622674529,34 Post,0.741698087418031,299.961,2,0.8536878053170797
35,During,B,control,SITE 3,1,unknown,299.99,0.9133171105703523,35 During,0.4354925811968091,299.981,2,0.4885562470623922
35,Pre,B,control,SITE 3,1,unknown,299.99,0.8441014700490016,35 Pre,0.3489689243877884,299.978,2,0.4792324334054476
35,Post,B,control,SITE 3,1,unknown,299.98400000000004,0.8558189770121073,35 Post,0.252322662586381,299.97900000000004,2,0.49636813963411375
36,Post,C,control,SITE 3,2,mannarensis,299.999,0.990231634105447,36 Post,0.45210431663669354,299.9905,2,0.46057690865362977
36,During,C,control,SITE 3,2,mannarensis,299.99399999999997,0.9490506476796201,36 During,0.3274746484789088,299.98199999999997,2,0.6823555601626611
36,Pre,C,control,SITE 3,2,mannarensis,299.99300000000005,0.513661985446327,36 Pre,0.3171633550390502,298.846,2,0.8291979246009457
37,During,D,control,SITE 3,1,mannarensis,299.99,0.2873662455415181,37 During,0.010720428817152686,299.988,1,0.7103665752200884
4,Post,A,2,SITE 1,2,mannarensis,299.994,0.8501903371400761,4 Post,0.7850730546267931,299.981,1,0.9362456040934016
37,Pre,D,control,SITE 3,1,mannarensis,299.996,0.030897078627715038,37 Pre,0,299.979,1,0.9716829557727437
37,Post,D,control,SITE 3,1,mannarensis,299.991,0.5984212859719125,37 Post,0.32324878985478256,299.964,1,0.8472379631728424
38,Post,E,4,SITE 4,2,mannarensis,298.97450000000003,0.42470678937501355,38 Post,0.05707989752154831,299.9655,2,1
38,During,E,4,SITE 4,2,mannarensis,299.6185,0.13246011177547448,38 During,0.062384366905683386,299.97900000000004,2,1
38,Pre,E,4,SITE 4,2,mannarensis,299.995,0.4317655294254904,38 Pre,0.23512302125056464,299.9685,2,0.9734498229988201
39,Pre,F,4,SITE 4,1,mannarensis,299.996,0.013883518446912626,39 Pre,0.007952037761762216,299.986,2,0.989973199642662
39,During,F,4,SITE 4,1,mannarensis,299.998,0,39 During,0.058744799722651876,299.984,2,1
39,Post,F,4,SITE 4,1,mannarensis,299.99199999999996,0.031070828555428146,39 Post,0.10279313034608281,299.986,2,0.9665645541940558
40,During,G,4,SITE 4,1,mannarensis,300,1,40 During,0.9469930564120684,299.989,2,0.8978412901591365
40,Post,G,4,SITE 4,1,mannarensis,299.99600000000004,0.9633561780823745,40 Post,0.7202166155241125,299.9785,2,0.6720551885982675
4,During,A,2,SITE 1,2,mannarensis,299.997,0.935859358593586,4 During,0.15866909766050236,299.46599999999995,1,0.24957833052220352
40,Pre,G,4,SITE 4,1,mannarensis,299.989,0.9289640620156072,40 Pre,0.6749144524875865,299.9795,2,0.612197466861029
42,Pre,A,control,SITE 4,1,unknown,300,1,42 Pre,0.5944994250473026,300.4595,2,0.5342303647294321
42,During,A,control,SITE 4,1,unknown,300,1,42 During,0.659304085224394,300.00800000000004,2,0.7089396984924623
42,Post,A,control,SITE 4,1,unknown,300,1,42 Post,0.7027588781806606,299.977,2,0.6891267100456012
5,Post,B,2,SITE 1,1,mannarensis,299.996,0.3037640501873359,5 Post,0.021190134494765388,299.9745,2,0.25965929926325965
44,Pre,C,control,SITE 4,1,mannarensis,300,1,44 Pre,0.9762726215119787,299.991,2,0.8908565142752379
44,Post,C,control,SITE 4,1,mannarensis,299.999,1,44 Post,0.9691544560693515,299.97850000000005,2,0.9916533055110183
44,During,C,control,SITE 4,1,mannarensis,299.997,0.983356500231669,44 During,0.6469678305498927,299.95849999999996,2,0.8550321006420127
47,Post,F,4,SITE 4,1,mannarensis,300,0,47 Post,0.10951850728256486,299.963,2,1
5,During,B,2,SITE 1,1,mannarensis,299.996,0.39949865998213313,5 During,0.12314916215364768,299.96549999999996,2,0.6708096584990224
47,During,F,4,SITE 4,1,mannarensis,299.997,0.09314093140931409,47 During,0.056048284265110104,299.97349999999994,2,0.9746682066743668
47,Pre,F,4,SITE 4,1,mannarensis,300,0,47 Pre,0.3459527937058275,299.96,2,1
48,Post,G,4,SITE 4,1,mannarensis,295.244,0,48 Post,0.058866575873605366,299.94950000000006,2,0.9846148974326495
48,During,G,4,SITE 4,1,mannarensis,299.995,0.47665794429907166,48 During,0.4531471375566305,299.971,2,0.9538292304871748
48,Pre,G,4,SITE 4,1,mannarensis,299.999,0.7318224394081313,48 Pre,0.8583103723594879,299.96549999999996,2,0.978373117064504
49,Post,H,4,SITE 4,1,mannarensis,299.99800000000005,1,49 Post,0.9190511746979919,299.99199999999996,1,0.9105754743396579
49,Pre,H,4,SITE 4,1,mannarensis,300,1,49 Pre,0.8812014534786812,299.97,1,0.8988809738893908
49,During,H,4,SITE 4,1,mannarensis,300,1,49 During,1,300,1,1
5,Pre,B,2,SITE 1,1,mannarensis,299.986,0.5378751008380391,5 Pre,0.12277110883689299,299.981,2,0.6355079903728842
51,Post,B,control,SITE 4,1,mannarensis,299.998,0.9493929959533063,51 Post,0.8360460096572944,299.9805,2,0.8495195713226165
51,Pre,B,control,SITE 4,1,mannarensis,299.996,0.9252123361644823,51 Pre,0.07684012626961295,299.99300000000005,2,0.12590459237925714
51,During,B,control,SITE 4,1,mannarensis,299.999,1,51 During,0.9181305328055867,295.849,2,0.9728629715062866
52,Pre,C,control,SITE 4,1,sciolii,299.998,0.6102674017826786,52 Pre,0.03487174358717936,299.985,2,0.39107463691545635
52,Post,C,control,SITE 4,1,sciolii,299.998,0.01533010220068134,52 Post,0.11399868165244019,299.6175,2,0.9836522301659287
52,During,C,control,SITE 4,1,sciolii,299.99800000000005,0.9703131354209028,52 During,0,299.998,2,0.029356764522548408
53,Pre,D,control,SITE 4,1,mannarensis,299.989,0.9785692142045209,53 Pre,0.5634300058840296,299.9645,2,0.5647130982917735
53,During,D,control,SITE 4,1,mannarensis,299.996,0.9765096867958241,53 During,0.4125735068606403,299.972,2,0.4615835913983512
53,Post,D,control,SITE 4,1,mannarensis,299.99,0.9813560452015067,53 Post,0.4291934473724867,300.9785,2,0.500998373268264
6,Pre,C,2,SITE 1,1,bellulus,299.994,0.4947098941978839,6 Pre,0.05012467830330831,299.972,1,0.508746783290444
54,Post,E,4,SITE 5,1,mannarensis,300,1,54 Post,0,300,2,0
54,Pre,E,4,SITE 5,1,mannarensis,299.99199999999996,0.7335762286994321,54 Pre,0,299.9955,2,0.2671344522408707
54,During,E,4,SITE 5,1,mannarensis,299.98199999999997,0.6202905507663794,54 During,0.07867717406885148,299.979,2,0.43133865905753677
55,During,F,4,SITE 5,2,mannarensis,299.995,0.3465374422907048,55 During,0.29384801045444847,299.968,1,0.8850147502458374
55,Pre,F,4,SITE 5,2,mannarensis,299.994,0.9160416541664166,55 Pre,0.8388730178307726,299.987,1,0.951462847961813
55,Post,F,4,SITE 5,2,mannarensis,299.9945,0.5963909338337868,55 Post,0.3952749553297597,299.976,1,0.8975853011373486
56,Pre,G,4,SITE 5,1,unknown,299.99399999999997,0.4791262491916505,56 Pre,0.04477965197679845,299.98,2,0.5308685391235942
56,Post,G,4,SITE 5,1,unknown,234.99900000000002,0.2975374363295163,56 Post,0.11373496787312594,299.98249999999996,2,0.7700702676035681
56,During,G,4,SITE 5,1,unknown,299.998,0.02261015073433823,56 During,0.18289099312779505,299.9765,2,0.9786581910546072
57,Post,H,4,SITE 5,1,unknown,299.996,0.018396911958826118,57 Post,0.2873148084818174,299.7235,2,0.9800848672324483
6,Post,C,2,SITE 1,1,bellulus,299.996,0.8807650768676917,6 Post,0.09693591829115443,299.99199999999996,1,0.1653333066661333
57,Pre,H,4,SITE 5,1,unknown,299.99,0.6433281109370312,57 Pre,0.13039963463500168,299.974,2,0.9132471082369413
57,During,H,4,SITE 5,1,unknown,299.991,0.4641872589511018,57 During,0.1655082059026493,299.967,2,0.9887182581217208
58,Pre,A,control,SITE 5,1,unknown,299.999,0.18450061500205,58 Pre,0.35060358651406703,299.957,2,0.9471728050613839
58,During,A,control,SITE 5,1,unknown,299.99699999999996,0.892722260555939,58 During,0.3127709152865125,299.3325,2,0.4468287951038123
58,Post,A,control,SITE 5,1,unknown,299.998,1,58 Post,0.5693516312981209,299.9605,2,0.6848873043889869
60,Post,C,control,SITE 5,1,sciolii,299.995,0.6869981166352772,60 Post,0.03107519784520404,299.982,1,0.8281855212368083
60,During,C,control,SITE 5,1,sciolii,299.994,0.06858470502743387,60 During,0.08998263153859233,299.969,1,0.9290590541207217
6,During,C,2,SITE 1,1,bellulus,299.996,0.8025173668982254,6 During,0.02254120219745053,299.984,1,0.17672902305364072
60,Pre,C,control,SITE 5,1,sciolii,300,0,60 Pre,0.019935592700506058,299.966,1,1
61,Pre,D,control,SITE 5,1,mannarensis,299.989,0.6606908919993734,61 Pre,0.11389656040254473,299.9915,2,0.5887198119968666
61,Post,D,control,SITE 5,1,mannarensis,299.99,0.43334111137037895,61 Post,0.012690528772032167,299.9875,2,0.6170932279097054
61,During,D,control,SITE 5,1,mannarensis,299.99499999999995,0.37808963482724717,61 During,0.031223227828058076,299.985,2,0.7730932630656127
62,Pre,A,control,SITE 5,1,mannarensis,299.995,0.18874647910798512,62 Pre,0.27091608894015595,299.9545,2,0.9807982693275645
62,During,A,control,SITE 5,1,mannarensis,299.98999999999995,0.7414713823794128,62 During,0.7590968800218713,299.938,2,0.9632978439712531
62,Post,A,control,SITE 5,1,mannarensis,299.99,0.9558351945064835,62 Post,0.551962447950873,299.957,2,0.8148438281276043
63,Post,B,control,SITE 5,1,mannarensis,299.984,0.9302462798015894,63 Post,0.47929600298684255,299.9823333333334,3,0.7562760634556601
63,During,B,control,SITE 5,1,mannarensis,299.988,0.8963125191674335,63 During,0.2117602873902314,299.98699999999997,3,0.4137175258384905
63,Pre,B,control,SITE 5,1,mannarensis,299.994,0.9691393827876557,63 Pre,0.4594195168566793,299.98,3,0.5025017361593377
7,During,D,2,SITE 1,1,mannarensis,299.99399999999997,0.13503603405401443,7 During,0.04813385070805663,299.97600000000006,1,0.8625048333977786
64,Post,C,control,SITE 5,2,mannarensis,299.996,0.9132971772956974,64 Post,0.28145126198506526,299.9045,2,0.8123080718998922
64,Pre,C,control,SITE 5,2,mannarensis,299.9965,0.8727985159826864,64 Pre,0.08513925696284816,299.98499999999996,2,0.3612958817852875
64,During,C,control,SITE 5,2,mannarensis,300,1,64 During,0.7612821277893814,299.9545,2,0.7789481930140656
65,Post,D,control,SITE 5,1,unknown,299.996,0.10085801144015255,65 Post,0.032878529783354385,299.983,2,0.9040793605290701
65,During,D,control,SITE 5,1,unknown,300,0,65 During,0.07039300203684999,299.97299999999996,2,1
65,Pre,D,control,SITE 5,1,unknown,299.99699999999996,0.2686293529601963,65 Pre,0.15861885037545734,299.9675,2,0.9603947359649063
66,Post,E,4,SITE 5,1,mannarensis,299.991,0.4174525235757073,66 Post,0.3137311770961472,299.967,2,0.811838051347302
66,During,E,4,SITE 5,1,mannarensis,297.51099999999997,0.6089724413551096,66 During,0.39845169550011506,299.941,2,0.8099964498402429
66,Pre,E,4,SITE 5,1,mannarensis,299.998,0.9908266055107033,66 Pre,0.020814180182608055,293.1415,2,0.40899279067817923
67,Post,F,4,SITE 5,1,unknown,299.994,0.9958365833983346,67 Post,0.6013536604679465,299.9275,2,0.8129627468955747
7,Pre,D,2,SITE 1,1,mannarensis,299.996,0.01929025720342938,7 Pre,0,299.968,1,0.9899832665551104
67,Pre,F,4,SITE 5,1,unknown,299.993,0.535955838969576,67 Pre,0.4377571286114929,299.3395,2,0.7139051323150956
67,During,F,4,SITE 5,1,unknown,299.997,0.8161248279149458,67 During,0.546898124803169,274.6645,2,0.8104301503617785
68,Post,G,4,SITE 5,1,mannarensis,299.99,0.9758058601953398,68 Post,0.7910119364124755,299.96450000000004,2,0.9019793795188554
68,Pre,G,4,SITE 5,1,mannarensis,299.989,0.24551566890785997,68 Pre,0.11480279443313712,299.95349999999996,2,0.989973199642662
68,During,G,4,SITE 5,1,mannarensis,299.99600000000004,0.9875665008866784,68 During,0.6680829713394165,299.95900000000006,2,0.8974111105740624
69,Post,H,4,SITE 5,1,unknown,300,1,69 Post,0.7071817766255261,299.703,2,0.8194744219458089
69,During,H,4,SITE 5,1,unknown,300,1,69 During,0.4452277349398395,299.449,2,0.4792134391370364
69,Pre,H,4,SITE 5,1,unknown,300,1,69 Pre,0.5522671925084219,299.96349999999995,2,0.8850293672540117
70,Post,A,4,SITE 1,1,mannarensis,299.977,0.6839657707090877,70 Post,0.28372555850208264,299.9765,2,0.5898836796498556
70,During,A,4,SITE 1,1,mannarensis,299.98199999999997,0.6557293437606256,70 During,0.2341652502107954,298.868,2,0.5909653805703847
7,Post,D,2,SITE 1,1,mannarensis,299.996,0.01875358338111175,7 Post,0.0033334888961484865,299.98600000000005,1,0.9815164202189361
71,During,B,4,SITE 1,2,mannarensis,299.991,0.5634802377404656,71 During,0.03748683210432974,299.972,1,0.9056750945849097
71,Pre,B,4,SITE 1,2,mannarensis,299.9945,0.8995614919606859,71 Pre,0.03494244597121798,299.979,1,0.5715871197916138
71,Post,B,4,SITE 1,2,mannarensis,275.7205,0.8767302394997833,71 Post,0,300,1,0.471372760788549
72,Post,C,4,SITE 1,1,sciolii,299.998,1,72 Post,0.617272653021764,299.9655,2,0.5875644818534106
72,Pre,C,4,SITE 1,1,sciolii,299.988,0.8471372188220861,72 Pre,0.09234320572009536,299.99499999999995,2,0.3558449697159601
72,During,C,4,SITE 1,1,sciolii,299.99,0.07155905196839894,72 During,0.23849463046641517,299.97950000000003,2,0.9862516208387361
73,Post,D,4,SITE 1,1,bellulus,299.992,0.613396357236193,73 Post,0.10711702251779257,299.98499999999996,2,0.5164454385450279
73,During,D,4,SITE 1,1,bellulus,299.995,0.98245304088401475,73 During,0.3608125766707558,299.98400000000004,2,0.41631610176271366
73,Pre,D,4,SITE 1,1,bellulus,299.98400000000004,0.8702830817643608,73 Pre,0.2986669466778672,299.98799999999994,2,0.42893691207157475
8,Pre,A,control,SITE 1,2,mannarensis,299.994,0.5945202237378081,8 Pre,0.45007400394687713,299.984,2,0.7345825826226234
74,Pre,E,4,SITE 1,1,mannarensis,299.988,0.9524614317906048,74 Pre,0.393432512397383,299.9625,2,0.4559787056374391
74,During,E,4,SITE 1,1,mannarensis,299.992,0.7712438998373289,74 During,0.05782160989122717,299.983,2,0.6478714787147872
74,Post,E,4,SITE 1,1,mannarensis,299.99499999999995,0.5980433007216788,74 Post,0.08789360694975032,299.982,2,1
75,Pre,F,4,SITE 1,2,mannarensis,299.997,0.9966649666496663,75 Pre,0.5613987715745348,299.9775,2,0.4903614096375903
75,During,F,4,SITE 1,2,mannarensis,299.996,0.9730629741729889,75 During,0.2848580609891062,299.98800000000006,2,0.3473953515504554
75,Post,F,4,SITE 1,2,mannarensis,299.991,0.9275378261347841,75 Post,0,300,2,0.4735326275367343
76,Pre,G,4,SITE 1,1,bellulus,299.992,0.04183111549641324,76 Pre,0.07957596819761481,299.97749999999996,2,0.9738779415024559
76,Post,G,4,SITE 1,1,bellulus,299.989,0.49800492684731784,76 Post,0.3931120705462668,299.945,2,0.8708884936990932
76,During,G,4,SITE 1,1,bellulus,299.987,0.8755212725884787,76 During,0.6749303616520936,299.5835,2,0.8621835685665331
77,Pre,H,4,SITE 1,1,mannarensis,299.98299999999995,0.8325471776734015,77 Pre,0.10318056891232644,299.9935,2,0.5093668540037467
8,During,A,control,SITE 1,2,mannarensis,299.9925,0.625638974307691,8 During,0.21750181675144842,299.986,2,0.6549376995846639
77,Post,H,4,SITE 1,1,mannarensis,300,1,77 Post,0.14287857446471583,299.9575,2,0.4096132915306161
77,During,H,4,SITE 1,1,mannarensis,299.996,0.993943252576701,77 During,0.10179596803093563,299.9775,2,0.2302466553441991
78,Pre,A,2,SITE 3,2,mannarensis,299.9975,1,78 Pre,0.6316576406286722,299.9655,2,0.6829942698662969
78,Post,A,2,SITE 3,2,mannarensis,299.98850000000004,0.6313492017193991,78 Post,0.0596247245769068,299.993,2,0.5295770610274805
78,During,A,2,SITE 3,2,mannarensis,299.995,0.8679111318521976,78 During,0.06334409485696951,299.9885,2,0.45025750429173816
79,During,B,2,SITE 3,2,mannarensis,299.992,0.9221362569668525,79 During,0,299.999,2,0.17248344966899337
79,Post,B,2,SITE 3,2,mannarensis,299.994,0.5913584938365434,79 Post,0.09050344698838558,299.97200000000004,2,0.8414268285365707
79,Pre,B,2,SITE 3,2,mannarensis,299.999,0.9478881596271986,79 Pre,0,300,2,0.10978036593455309
80,Post,C,2,SITE 3,1,sciolii,299.99,0.5813560452015067,80 Post,0.10923743645303775,299.975,2,0.5248256620176539
80,During,C,2,SITE 3,1,sciolii,299.99199999999996,0.9274247313261688,80 During,0.24377906298438304,299.995,2,0.50680013600272
8,Post,A,control,SITE 1,2,mannarensis,299.992,0.47113089682391524,8 Post,0.2706100597692566,299.9870000000001,2,0.8652030720819222
80,Pre,C,2,SITE 3,1,sciolii,299.995,0.9756362606043435,80 Pre,0.397033036636997,299.97,2,0.3918130604353478
81,Post,D,2,SITE 3,2,mannarensis,296.6195,0.6957836554912943,81 Post,0.09081408489204316,299.98100000000005,2,0.8541675000333347
81,During,D,2,SITE 3,2,mannarensis,299.9915,0.5577374692282948,81 During,0.04040301343378113,299.98999999999995,2,0.6155676965795869
81,Pre,D,2,SITE 3,2,mannarensis,299.996,0.49341491219882927,81 Pre,0.15368947412284356,299.975,2,0.9849948999659996
82,Pre,E,2,SITE 3,2,mannarensis,299.995,0.7648194136568943,82 Pre,0.7072108036209865,299.9735,2,0.8808280138002301
82,Post,E,2,SITE 3,2,mannarensis,299.999,0.9671415571385238,82 Post,0.736923866735117,299.974,2,0.7797979966332772
82,During,E,2,SITE 3,2,mannarensis,299.998,0.5087650584337229,82 During,0.35234037303940935,299.9415,2,0.9303683752620894
83,During,F,2,SITE 3,1,unknown,299.998,0.9475363169087795,83 During,0,300,2,0.05343017810059367
83,Post,F,2,SITE 3,1,unknown,299.991,0.8722495008183581,83 Post,0.7099360069610559,299.9545,2,0.8754848118671611
83,Pre,F,2,SITE 3,1,unknown,299.995,0.9849697494958248,83 Pre,0.15495572979171665,299.976,2,0.2778108338291741
9,Post,B,control,SITE 1,1,mannarensis,299.994,0.1994473222797789,9 Post,0.039691958927857054,299.96,1,0.8039040520540275
84,Pre,G,2,SITE 3,2,mannarensis,299.99049999999994,0.5799783659815896,84 Pre,0.4002993598149902,296.633,3,0.9075908874239295
84,During,G,2,SITE 3,2,mannarensis,299.986,0.7864600348016242,84 During,0.32685305204273324,296.5063333333333,3,0.8459681989399647
84,Post,G,2,SITE 3,2,mannarensis,299.9885,0.26571351901822904,84 Post,0,299.99966666666666,3,0.9207430691435637
85,During,H,2,SITE 3,2,mannarensis,299.992,0.6398437291661111,85 During,0.3496924436146627,299.945,2,0.7978906209634542
85,Pre,H,2,SITE 3,2,mannarensis,299.98699999999997,0.8272191794977783,85 Pre,0.6203540575272644,299.9795,2,0.7633769857342153
85,Post,H,2,SITE 3,2,mannarensis,299.99649999999997,0.9353709126606479,85 Post,0.7666933356940154,299.34849999999994,2,0.865742638945835
86,Pre,A,2,SITE 4,1,mannarensis,300,1,86 Pre,0,300,1,0
86,Post,A,2,SITE 4,1,mannarensis,299.987,0.9682519575848286,86 Post,0.2139418749624967,299.974,1,0.35235606282834203
86,During,A,2,SITE 4,1,mannarensis,299.996,1,86 During,0.2596426309297596,299.97,1,0.2712787589085115
87,During,B,2,SITE 4,1,mannarensis,299.99399999999997,0.9317353013726941,87 During,0,300,2,0.12907838771183613
9,During,B,control,SITE 1,1,mannarensis,299.99800000000005,0.004836698911326075,9 During,0.10504310948408652,299.93399999999997,1,0.9966566443776292
87,Pre,B,2,SITE 4,1,mannarensis,300,1,87 Pre,0.3066323988006247,299.9895,2,0.2423836865307211
87,Post,B,2,SITE 4,1,mannarensis,299.99399999999997,0.9065581311626233,87 Post,0,300,2,0.10352138028507048
88,During,C,2,SITE 4,1,unknown,299.999,0,88 During,0,300,1,1
88,Pre,C,2,SITE 4,1,unknown,300,0,88 Pre,0,300,1,1
88,Post,C,2,SITE 4,1,unknown,299.998,0.0267235114900766,88 Post,0,300,1,0.9816765445102967
89,Pre,D,2,SITE 4,1,mannarensis,299.996,0.9724696329284391,89 Pre,0,299.99800000000005,1,0.031746878312522084
89,Post,D,2,SITE 4,1,mannarensis,300,0,89 Post,0.025067168010026862,299.994,1,1
89,During,D,2,SITE 4,1,mannarensis,300,0,89 During,0.04662550919042888,299.98600000000005,1,1
90,Pre,E,2,SITE 4,2,mannarensis,299.996,0.5096251283350445,90 Pre,0.5024968830631988,299.974,2,0.9738991734738267
90,Post,E,2,SITE 4,2,mannarensis,299.9995,0.19790366317277194,90 Post,0.17136108758992688,299.966,2,1
9,Pre,B,control,SITE 1,1,mannarensis,299.98,0,9 Pre,0.007417012793930383,299.98600000000005,1,1
90,During,E,2,SITE 4,2,mannarensis,299.999,0.08529361764539213,90 During,0.048315854040683524,299.97400000000005,2,1
91,During,F,2,SITE 4,1,unknown,299.99499999999995,0.6980416340272338,91 During,0.13292630891186807,299.98199999999997,2,0.48070374858121917
91,Pre,F,2,SITE 4,1,unknown,299.997,0.1054477211438781,91 Pre,0.23090026601950808,299.978,2,1
91,Post,F,2,SITE 4,1,unknown,299.998,0.2757751718344789,91 Post,0.274213094231997,299.9565,2,0.8619664366107276
92,Pre,G,2,SITE 4,1,mannarensis,300,1,92 Pre,0.8108450924898076,299.979,2,0.7888020907119654
92,During,G,2,SITE 4,1,mannarensis,299.998,0.04464363095753972,92 During,0.5834521064940997,299.9415,2,0.9831815545436969
92,Post,G,2,SITE 4,1,mannarensis,299.99899999999997,0.8132093773645913,92 Post,0.8277443369633888,299.9495,2,0.9220962559001573
93,During,H,2,SITE 4,1,mannarensis,299.996,0.2890471872958306,93 During,0.016271247462305446,299.977,2,0.7123221232212322
93,Pre,H,2,SITE 4,1,mannarensis,299.99800000000005,1,93 Pre,0.44959330622041466,299.98,2,0.42307846156923135
93,Post,H,2,SITE 4,1,mannarensis,299.992,0.4260680284807594,93 Post,0.20535712795729255,299.61949999999996,2,0.9418508612246191
10,Post,C,control,SITE 1,1,unknown,299.98900000000003,0.9019797392571061,10 Post,0.31397343299156383,299.95849999999996,2,0.437824179633852
94,Post,A,4,SITE 2,2,mannarensis,299.997,0.5119751197511975,94 Post,0.2813415136196434,299.98949999999996,2,0.7806998391653263
94,Pre,A,4,SITE 2,2,mannarensis,300,0.5,94 Pre,0.3870082204932296,299.98199999999997,2,1
94,During,A,4,SITE 2,2,mannarensis,299.9955,0.29144603835724203,94 During,0,300,2,0.988333255555037
95,Pre,B,4,SITE 2,1,mannarensis,299.997,0.8650119834531678,95 Pre,0.6481764662197287,296.23799999999994,2,0.8442368847376948
95,During,B,4,SITE 2,1,mannarensis,299.99800000000005,0.011406742711618074,95 During,0.2620884735077867,299.9655,2,0.9865166217220723
95,Post,B,4,SITE 2,1,mannarensis,300,0,95 Post,0.1960314020934729,299.97999999999996,2,1
96,Post,C,4,SITE 2,1,mannarensis,299.994,0.03216397661286558,96 Post,0.0037484582819427314,299.99,2,0.9716594331886638
96,Pre,C,4,SITE 2,1,mannarensis,300,1,96 Pre,0.6879024528474867,299.9575,2,0.6799655984519304
96,During,C,4,SITE 2,1,mannarensis,299.99399999999997,0.062167910024867164,96 During,0.03370758424812569,299.977,2,0.9400558674115654
97,Post,D,4,SITE 2,1,mannarensis,299.99,0.04353145104836827,97 Post,0.04161026837806301,299.95,1,0.9589825129835929
10,During,C,control,SITE 1,1,unknown,299.989,0.7764118017660648,10 During,0.06204404502172583,299.98850000000004,2,0.2696398867958492
97,During,D,4,SITE 2,1,mannarensis,299.99399999999997,0.026840536810736212,97 During,0.00500355015384,299.987,1,0.9790863878185042
97,Pre,D,4,SITE 2,1,mannarensis,300,0,97 Pre,0,299.99,1,1
98,Pre,E,control,SITE 1,1,bellulus,299.99600000000004,0.9477193029240389,98 Pre,0.14806555431664808,299.9955,2,0.36283029496961633
98,Post,E,control,SITE 1,1,bellulus,299.99,0.8383246108203607,98 Post,0.45931556027050346,300.6985,2,0.5859972932611536
98,During,E,control,SITE 1,1,bellulus,256.289,0.8839084002824936,98 During,0.3936078721574431,299.994,2,0.9999966666666668
100,Post,G,control,SITE 1,1,mannarensis,299.997,0.03608369417027503,100 Post,0,299.9805,2,0.9664397762651752
100,Pre,G,control,SITE 1,1,mannarensis,299.99399999999997,0.16497329946598935,100 Pre,0.07341897908530072,299.9565,2,0.9491764972549908
10,Pre,C,control,SITE 1,1,unknown,299.99,0.5655621854061802,10 Pre,0.034847650681866946,300.6085,2,0.6612132242644853
100,During,G,control,SITE 1,1,mannarensis,299.996,0.09844131255083402,100 During,0.017504977399913906,297.34400000000005,2,0.9055730185767287
101,During,H,control,SITE 1,1,mannarensis,300,1,101 During,0.7431486413958405,299.977,2,0.4833182777275924
101,Pre,H,control,SITE 1,1,mannarensis,299.991,0.984932881319773,101 Pre,0.6779470887476915,299.974,2,0.6504754364765198
101,Post,H,control,SITE 1,1,mannarensis,299.994,0.968322699787329,101 Post,0.5530183224714688,297.831,2,0.6460469186216092
102,Pre,A,2,SITE 2,1,mannarensis,299.99100000000004,0.18927901170368444,102 Pre,0,299.99600000000004,1,0.8190230471276091
102,Post,A,2,SITE 2,1,mannarensis,299.986,0.6418899548645604,102 Post,0,299.998,1,0.3594629190111736
102,During,A,2,SITE 2,1,mannarensis,299.99,0.6358245274842494,102 During,0.01252350031333751,299.99600000000004,1,0.3681540297472616
103,Post,B,2,SITE 2,1,mannarensis,299.999,0.3989879966266554,103 Post,0.34444766695669277,299.97299999999996,2,0.9313357511433487
103,During,B,2,SITE 2,1,mannarensis,299.998,0.49498663324422165,103 During,0.5145353682848932,299.958,2,0.5951701562390621
103,Pre,B,2,SITE 2,1,mannarensis,299.99699999999996,0.9817431507648411,103 Pre,0.5227591310710601,299.9785,2,0.5458689525168298
104,Post,C,2,SITE 2,1,mannarensis,299.995,0.9851630860514341,104 Post,0.5075473207677998,299.97400000000005,2,0.5673120193605807
104,Pre,C,2,SITE 2,1,mannarensis,299.997,1,104 Pre,0.16492379593578324,299.984,2,0.3868599866660381
104,During,C,2,SITE 2,1,mannarensis,299.996,0.858304777397032,104 During,0.35623947864059863,299.985,2,0.5230920515341921
105,Pre,D,2,SITE 2,1,mannarensis,300,1,105 Pre,0.7768453159767654,299.98249999999996,2,0.7505795997553264
105,During,D,2,SITE 2,1,mannarensis,299.995,0.6518508641810697,105 During,0.2205919120465902,299.97700000000003,2,0.5742398181296959
105,Post,D,2,SITE 2,1,mannarensis,299.996,0.9458259443459248,105 Post,0.4396168360135478,299.976,2,0.46238528746054014
106,Post,E,2,SITE 5,1,mannarensis,299.987,0.8414097944244249,106 Post,0.18801994176152226,299.97349999999994,2,0.8318971982866381
106,Pre,E,2,SITE 5,1,mannarensis,299.992,0.8341689111709645,106 Pre,0.3547361718583315,299.968,2,0.7057669310966264
106,During,E,2,SITE 5,1,mannarensis,299.993,0.721060158070355,106 During,0.2206665499912493,299.9775,2,0.6632821601729364
107,Pre,F,2,SITE 5,1,sciolii,299.988,0.6977045748496606,107 Pre,0.07564759239473759,299.9765,2,0.41380408078909037
107,Post,F,2,SITE 5,1,sciolii,299.98999999999995,0.9607486916230542,107 Post,0.16238390196091504,299.962,2,0.406923484643925
107,During,F,2,SITE 5,1,sciolii,299.997,0.7965779657796578,107 During,0.08667657833943924,299.98299999999995,2,0.3398273304555076
109,During,H,2,SITE 5,1,unknown,299.98900000000003,0.9515448899792991,109 During,0.4827520106680001,299.9625,2,0.5983025789665799
109,Pre,H,2,SITE 5,1,unknown,299.983,0.7659834057263244,109 Pre,0.38810749361585806,299.962,2,0.7028151407570379
109,Post,H,2,SITE 5,1,unknown,299.991,0.7062045194689174,109 Post,0.17823848360443972,299.9745,2,0.6151218931777694
110,Post,A,control,SITE 2,2,mannarensis,300,1,110 Post,0.5391640621744386,299.9625,2,0.672485232742643
110,Pre,A,control,SITE 2,2,mannarensis,299.9995,0.9288282147136913,110 Pre,0.2602567333702976,297.585,2,0.6844686085350651
110,During,A,control,SITE 2,2,mannarensis,300,1,110 During,0.4838752694122687,299.95849999999996,2,0.7182158649414895
111,Pre,B,control,SITE 2,1,mannarensis,300,0,111 Pre,0.15337813960621152,299.958,2,1
111,During,B,control,SITE 2,1,mannarensis,300,0,111 During,0.07620339796682041,299.97349999999994,2,1
111,Post,B,control,SITE 2,1,mannarensis,300,0,111 Post,0.09912644321880923,299.9805,2,1
113,Pre,D,control,SITE 2,1,unknown,299.993,1,113 Pre,0.48447581821363983,299.9675,2,0.4981715935304078
113,Post,D,control,SITE 2,1,unknown,299.993,0.9397952618894442,113 Post,0.16298122441359636,299.964,2,0.6558638863007922
113,During,D,control,SITE 2,1,unknown,299.994,0.9415721647766288,113 During,0.34267170254116097,299.981,2,0.4185628283420891
114,Pre,E,4,SITE 2,1,mannarensis,299.99399999999997,0.932491983172997,114 Pre,0.6225298023841906,299.976,2,0.6032327798139602
114,During,E,4,SITE 2,1,mannarensis,299.998,0.41299608664057763,114 During,0.29972553429266785,289.4715,2,0.8040540878385698
114,Post,E,4,SITE 2,1,mannarensis,299.998,0.8220554803698691,114 Post,0.8373017923488888,299.9695,2,0.8205928237129485
115,Post,F,4,SITE 2,1,mannarensis,299.99399999999997,0.7533317333013327,115 Post,0.38550628005634135,299.9575,2,0.8307132547309753
115,Pre,F,4,SITE 2,1,mannarensis,299.985,0.9873026984682567,115 Pre,0.7589306848830967,299.94899999999996,2,0.8289964931930611
115,During,F,4,SITE 2,1,mannarensis,300,0,115 During,0.3946064254149449,299.9495,2,1
116,Post,G,4,SITE 2,1,mannarensis,256.956,0.9883248493905571,116 Post,0.41993132875525035,299.98,2,0.842315795087869
116,Pre,G,4,SITE 2,1,mannarensis,299.995,0.9442990716511941,116 Pre,0.8003990352481136,299.9735,2,0.9475221963142535
116,During,G,4,SITE 2,1,mannarensis,299.991,0.9383714844778677,116 During,0.15888325549922167,299.997,2,0.2189669827830464
117,Pre,H,4,SITE 2,1,unknown,299.99399999999997,0.995879917598352,117 Pre,0.4116695975397335,299.9675,2,0.5181640598957292
117,Post,H,4,SITE 2,1,unknown,299.993,0.5580630214705009,117 Post,0.3964017295977668,299.8385,2,0.7214328453734369
117,During,H,4,SITE 2,1,unknown,299.99,0.8930897696589887,117 During,0.2910366216059225,296.96950000000004,2,0.5236336422927108
118,Post,A,2,SITE 5,1,unknown,300,1,118 Post,0,300,1,0
118,During,A,2,SITE 5,1,unknown,299.996,0.24842331231083087,118 During,0,300,1,0.7465816438776258
118,Pre,A,2,SITE 5,1,unknown,299.998,0.7907586050573671,118 Pre,0,300,1,0.20788402628008762
119,Post,B,2,SITE 5,1,mannarensis,299.991,0.2297702264401265,119 Post,0,300,1,0.7702297735598735
119,Pre,B,2,SITE 5,1,mannarensis,299.994,0.15416641666166656,119 Pre,0.045595613113989034,299.985,1,0.83665006633466
119,During,B,2,SITE 5,1,mannarensis,299.996,0.018446912625501674,119 During,0.05246473239286382,299.99199999999996,1,0.9809430792410566
121,Pre,D,2,SITE 5,1,unknown,299.997,1,121 Pre,0.6344144090086306,299.97900000000004,2,0.6466435217978996
121,Post,D,2,SITE 5,1,unknown,299.992,0.9727092722472599,121 Post,0.5964785950384294,299.9655,2,0.6621659010753835
121,During,D,2,SITE 5,1,unknown,299.992,0.9703592095789221,121 During,0.3903321188200665,299.98299999999995,2,0.42070928794530504
122,During,E,2,SITE 4,1,mannarensis,299.996,0.7450166002213363,122 During,0.045105588612763974,299.985,2,0.5301599759139669
122,Post,E,2,SITE 4,1,mannarensis,160.161,0.9343036069954609,122 Post,0.289590754004037,299.9785,2,0.40183004575114384
122,Pre,E,2,SITE 4,1,mannarensis,299.993,0.9391052457890685,122 Pre,0.24423132054589944,299.98199999999997,2,0.3386051581547446
123,Pre,F,2,SITE 4,1,mannarensis,299.997,0.995843291766251,123 Pre,0.33820637100645373,299.984,2,0.3439625588143625
123,During,F,2,SITE 4,1,mannarensis,299.996,0.8274243656582088,123 During,0.0694262950863391,299.98,2,0.30967623650985454
123,Post,F,2,SITE 4,1,mannarensis,299.995,0.9090651510858515,123 Post,0.060449176753752845,299.97100000000006,2,0.34261531076233787
13,Pre,C,control,SITE 2,1,unknown,300,0,13 Pre,0.1919779847953743,299.97450000000003,2,1
124,During,G,2,SITE 4,1,mannarensis,299.995,0.8863047717461957,124 During,0.49968496324571204,299.96500000000003,2,0.6043885913733809
124,Pre,G,2,SITE 4,1,mannarensis,299.993,0.9666692222818531,124 Pre,0.3734319631171723,299.977,2,0.35922970894078315
124,Post,G,2,SITE 4,1,mannarensis,299.992,0.8602029387450331,124 Post,0.20819393672685935,299.95349999999996,2,0.3253322310357874
125,During,H,2,SITE 4,1,mannarensis,299.983,0.8529716683945424,125 During,0.5005784779528216,299.925,1,0.760727381825455
125,Pre,H,2,SITE 4,1,mannarensis,299.972,0.4356639953062286,125 Pre,0.28905640499036467,299.938,1,0.7215938449024766
125,Post,H,2,SITE 4,1,mannarensis,299.986,0.6944657417346142,125 Post,0.20404740869159343,299.945,1,0.7930467770754994
127,Post,B,2,SITE 2,1,unknown,299.99600000000004,0.008380111734823129,127 Post,0.007570302812112484,299.988,1,0.9908232109761463
13,During,C,control,SITE 2,1,unknown,300,0,13 During,0.1278128187861291,299.96600000000007,2,1
127,Pre,B,2,SITE 2,1,unknown,299.99600000000004,0.8860851478019706,127 Pre,0.8355045168172273,299.99,1,0.867741817199964
127,During,B,2,SITE 2,1,unknown,299.99300000000005,0.34174130729717017,127 During,0.05554833311666017,299.991,1,0.7235278038894111
129,Post,D,2,SITE 2,1,unknown,300,0,129 Post,0.021617099008646837,299.994,2,1
129,Pre,D,2,SITE 2,1,unknown,299.99699999999996,0.7518008513418468,129 Pre,0.2766413526866378,299.966,2,0.7613580679033951
129,During,D,2,SITE 2,1,unknown,299.995,0.135625593759896,129 During,0.19587407202456156,299.981,2,0.8583485834858349
130,Pre,E,2,SITE 5,2,mannarensis,299.996,0.9720146268616916,130 Pre,0.6202578483744885,299.9825,2,0.6387121720970621
130,Post,E,2,SITE 5,2,mannarensis,299.9935,0.7109487372226398,130 Post,0.4641501068429492,299.973,2,0.7191797032557861
13,Post,C,control,SITE 2,1,unknown,299.997,0.04733047330473304,13 Post,0.12680796446163206,299.95750000000004,2,0.7274762161909906
130,During,E,2,SITE 5,2,mannarensis,299.997,0.9958282916162494,130 During,0.8171843357529189,299.9825,2,0.8301504706792181
131,Pre,F,2,SITE 5,1,mannarensis,299.979,0.2763726794208928,131 Pre,0,299.996,2,0.7967352027414429
131,Post,F,2,SITE 5,1,mannarensis,299.99199999999996,0.9167977812741673,131 Post,0.7749378688904409,299.9705,2,0.8008810323045178
131,During,F,2,SITE 5,1,mannarensis,299.988,0.7275157672973586,131 During,0.571240208899046,299.95349999999996,2,0.939291006155236
132,Post,G,2,SITE 5,1,sciolii,299.992,0.8468892503800101,132 Post,0.019411990199836665,299.995,2,0.14974983083164164
132,During,G,2,SITE 5,1,sciolii,299.986,0.6557039328501997,132 During,0.12352875238201994,298.8535,2,0.3747058196049149
132,Pre,G,2,SITE 5,1,sciolii,299.989,0.6710412715132889,132 Pre,0.5388547835696629,299.96950000000004,2,0.6473031466206204
133,Pre,H,2,SITE 5,1,mannarensis,299.999,0,133 Pre,0.23467252999314875,299.9435,2,1
134,Post,A,2,SITE 1,1,sciolii,299.995,1,134 Post,0.38086530976902955,299.9735,2,0.4773649656570168
134,Pre,A,2,SITE 1,1,sciolii,299.997,1,134 Pre,0.13588441298887036,299.9645,2,0.24006740348251326
134,During,A,2,SITE 1,1,sciolii,299.99899999999997,1,134 During,0.24460130675378364,299.97999999999996,2,0.35776215524310484
135,Pre,B,2,SITE 1,2,bellulus,299.98400000000004,0.3826620753106832,135 Pre,0.24054473021852552,299.965,2,0.8691951264229878
135,Post,B,2,SITE 1,2,bellulus,299.98300000000006,0.6722264261641492,135 Post,0.2582673280529109,299.976,2,0.6726230855260854
135,During,B,2,SITE 1,2,bellulus,299.98199999999997,0.42726896947150167,135 During,0.29595806387092477,299.97999999999996,2,0.8277868524568304
136,During,C,2,SITE 1,2,mannarensis,299.992,0.8086982319528521,136 During,0.3548388709801085,299.977,2,0.6400368013493828
136,Post,C,2,SITE 1,2,mannarensis,299.864,0.7211735986980765,136 Post,0.41604790059224556,299.45349999999996,2,0.8248603673202026
136,Pre,C,2,SITE 1,2,mannarensis,299.98850000000004,0.8052342006443579,136 Pre,0.6988690064425793,299.95750000000004,2,0.8828941293728031
137,Post,D,2,SITE 1,1,mannarensis,299.998,0.0035033566890445935,137 Post,0.07590729368778294,299.958,1,0.9966366442442949
137,Pre,D,2,SITE 1,1,mannarensis,299.99,0.6175772525750858,137 Pre,0.007556767423565648,299.996,1,0.36978072894791225
137,During,D,2,SITE 1,1,mannarensis,299.99199999999996,0.1833748899970666,137 During,0.02828836396850478,299.98199999999997,1,0.8019994066449102
138,Pre,E,control,SITE 1,1,mannarensis,299.98699999999997,0.5686413077900043,138 Pre,0.18150663239623024,299.967,1,0.5831344338364712
138,Post,E,control,SITE 1,1,mannarensis,299.99699999999996,0.905379053790538,138 Post,0.024974998333222212,299.98,1,0.15296996203168803
138,During,E,control,SITE 1,1,mannarensis,299.984,0.4214324763987412,138 During,0.31371535822751473,299.96299999999997,1,0.8723082256623599
139,Post,F,control,SITE 1,2,mannarensis,299.9995,1,139 Post,0.7162400485404526,299.956,2,0.794259513587029
139,Pre,F,control,SITE 1,2,mannarensis,299.991,0.7495041517912204,139 Pre,0.652639597039131,299.97950000000003,2,0.78229259552481345
139,During,F,control,SITE 1,2,mannarensis,271.9495,0.9756774695301884,139 During,0.3878766184003549,297.516,2,0.4676282494670683
140,During,G,control,SITE 1,1,mannarensis,299.99,0.8814960498683289,140 During,0.3266632666326663,299.99699999999996,2,0.7808970786277151
140,Pre,G,control,SITE 1,1,mannarensis,299.999,0.7785159283864279,140 Pre,0.39807354465782835,299.981,2,0.9946766311775412
140,Post,G,control,SITE 1,1,mannarensis,299.987,0.8783647291382626,140 Post,0.40924379552310947,299.985,2,0.5093760677350266
141,During,H,control,SITE 1,1,bellulus,299.999,0.030230100767002558,141 During,0.40856850923674165,299.9705,2,0.5325755429257154
141,Pre,H,control,SITE 1,1,bellulus,299.996,0.010923478979719731,141 Pre,0,300,2,0.9890765210202803
141,Post,H,control,SITE 1,1,bellulus,299.99300000000005,0.7923351544869379,141 Post,0.59626100305527,299.9735,2,0.6887963692909751
142,Post,A,control,SITE 3,2,mannarensis,299.995,0.7587609793496558,142 Post,0.34126214890175266,299.204,1,0.5907559075590756
142,During,A,control,SITE 3,2,mannarensis,299.995,0.8350539175652928,142 During,0.8165556003747029,299.971,1,0.9933599557330381
142,Pre,A,control,SITE 3,2,mannarensis,299.99649999999997,0.8096544459685364,142 Pre,0.8466262168289106,299.96000000000004,1,0.971323046563799
143,Post,B,control,SITE 3,1,mannarensis,300,0,143 Post,0.026723734189346173,299.9955,2,1
143,During,B,control,SITE 3,1,mannarensis,300,0,143 During,0.08842202816610302,299.97049999999996,2,1
143,Pre,B,control,SITE 3,1,mannarensis,300,0,143 Pre,0.004577063345489942,299.974,2,1
15,Pre,A,2,SITE 2,1,mannarensis,299.995,0.23285388089801498,15 Pre,0.2076699951656192,299.935,2,0.9120363734545781
144,Pre,C,control,SITE 4,1,mannarensis,299.993,0.7168667268902942,144 Pre,0.3009108094174257,299.6785,2,1
144,During,C,control,SITE 4,1,mannarensis,299.997,0.5566789001223346,144 During,0.060322254279861515,299.9805,2,0.6060725256299783
144,Post,C,control,SITE 4,1,mannarensis,299.998,0,144 Post,0.09658804900408367,299.97499999999997,2,1
15,Post,A,2,SITE 2,1,mannarensis,299.99199999999996,0.4194578522093923,15 Post,0.14213345201958322,299.9505,2,0.9926216297748155
15,During,A,2,SITE 2,1,mannarensis,299.99399999999997,0.6585565044634226,15 During,0.22600443731007663,299.9565,2,0.8540772889853362
16,Pre,B,2,SITE 2,1,mannarensis,299.98900000000003,0.7665447733083546,16 Pre,0.588492964366793,299.97299999999996,1,0.8953631787726258
16,Post,B,2,SITE 2,1,mannarensis,260.467,0.1985894566298226,16 Post,0.15483238659092727,299.97600000000006,1,0.8227458640701617
16,During,B,2,SITE 2,1,mannarensis,299.98699999999997,0.32819422174960916,16 During,0.05212944690383487,299.98400000000004,1,0.8160684284914265
17,Pre,C,2,SITE 2,1,mannarensis,299.99600000000004,0.9883231776423684,17 Pre,0.9810069556466777,299.1095,2,0.9730112168536142
17,Post,C,2,SITE 2,1,mannarensis,300,1,17 Post,0,300,2,0
17,During,C,2,SITE 2,1,mannarensis,299.998,1,17 During,0,300,2,0
18,Post,A,control,SITE 2,1,mannarensis,299.99899999999997,1,18 Post,0.9381452750117514,299.969,2,0.900547025527858
18,Pre,A,control,SITE 2,1,mannarensis,299.99699999999996,0.931879318793188,18 Pre,0.5572961899221381,299.9545,2,0.7941588354523678
18,During,A,control,SITE 2,1,mannarensis,299.99600000000004,0.27691035880478404,18 During,0.22852894947821434,299.97950000000003,2,0.6028547760997505
19,Pre,B,control,SITE 2,1,mannarensis,299.998,1,19 Pre,0.44938071860199974,299.97133333333335,3,0.42819988853798996
19,Post,B,control,SITE 2,1,mannarensis,299.997,1,19 Post,0.3294686183588407,299.97900000000004,3,0.6077873504307694
19,During,B,control,SITE 2,1,mannarensis,299.998,1,19 During,0.2661719736163706,299.984,3,0.6602141755906495
20,During,C,control,SITE 2,1,unknown,299.995,0.8364139402323373,20 During,0.5151086811574876,299.96000000000004,2,0.7653748268959297
20,Post,C,control,SITE 2,1,unknown,299.999,1,20 Post,0.769066906690669,299.97,2,0.7692771807248194
20,Pre,C,control,SITE 2,1,unknown,299.998,0.2040313602090681,20 Pre,0.03734372057129809,299.9835,2,0.8870294072548117
21,During,D,control,SITE 2,2,unknown,300.05150000000003,0.7312211403709029,21 During,0.5147478464943862,299.976,1,0.836578975439345
21,Pre,D,control,SITE 2,2,unknown,299.99449999999996,0.9492974037857361,21 Pre,0.9383255212326894,299.962,1,0.9874132494216628
21,Post,D,control,SITE 2,2,unknown,299.9955,1,21 Post,0.013083507780103733,299.99600000000004,1,0
23,Pre,B,control,SITE 3,2,unknown,299.97950000000003,1,23 Pre,0.45825992896512757,299.9935,2,0.9019156858235249
23,During,B,control,SITE 3,2,unknown,299.99899999999997,1,23 During,0.07545842012710251,301.96099999999996,2,0.10995263841736869
23,Post,B,control,SITE 3,2,unknown,299.99850000000004,0.9801149005745028,23 Post,0,300,2,0.01988509942549721
25,Post,D,control,SITE 3,1,unknown,300,0,25 Post,0.008383445112601503,299.996,1,1
25,Pre,D,control,SITE 3,1,unknown,299.995,0.9799129985499758,25 Pre,0.760727013304797,299.967,1,0.7880915236609465
25,During,D,control,SITE 3,1,unknown,299.998,0.9102594017293449,25 During,0,300,1,0
26,Post,E,4,SITE 3,1,mannarensis,299.995,0.9733495558259304,26 Post,0.7129400090875072,299.312,2,0.6024274233229457
26,Pre,E,4,SITE 3,1,mannarensis,299.996,0.6523453646048615,26 Pre,0.6158650520473052,299.9675,2,0.8888842591589484
26,During,E,4,SITE 3,1,mannarensis,299.996,0.9891798557314098,26 During,0.5340799237297741,299.986,2,0.5137419415054968
27,Post,F,4,SITE 3,2,mannarensis,299.9925,0.9654208021867214,27 Post,0.8741670416854176,299.985,1,0.9292285845716914
27,Pre,F,4,SITE 3,2,mannarensis,299.9925,0.6718651299615823,27 Pre,0.6815587325296063,299.936,1,0.9867732451549677
27,During,F,4,SITE 3,2,mannarensis,299.9935,0.7495079060046301,27 During,0.10031833863897731,299.995,1,0.47954812881462155
28,Pre,G,4,SITE 3,2,mannarensis,299.9925,0.9137411768627549,28 Pre,0.7930222945223745,299.984,2,0.829345733643341
28,During,G,4,SITE 3,2,mannarensis,299.999,0.9649015496718321,28 During,0.3958595838583438,299.994,2,0.45268936919158925
28,Post,G,4,SITE 3,2,mannarensis,299.9945,0.9245669503940905,28 Post,0.8617637793700716,299.98650000000004,2,0.9345540183102745
29,Post,H,4,SITE 3,2,unknown,299.9975,0.965419711830932,29 Post,0.21586138042878594,299.98650000000004,2,0.33051717528625474
29,During,H,4,SITE 3,2,unknown,299.997,0.94769947699477,29 During,0.3199185948443402,299.981,2,0.4436549763159562
29,Pre,H,4,SITE 3,2,unknown,299.99850000000004,0.9817265752995431,29 Pre,0.3340928448679633,299.9735,2,0.44389998366617667
30,During,A,4,SITE 3,1,mannarensis,231.678,0.018512763404380215,30 During,0.09003781925098216,299.9795,2,0.7314132094213961
30,Pre,A,4,SITE 3,1,mannarensis,299.994,0.9426421861770568,30 Pre,0.526756248624936,299.986,2,0.5551211024220485
30,Post,A,4,SITE 3,1,mannarensis,300,0,30 Post,0.10408235380399636,299.97400000000005,2,0.8636160602676712
31,Pre,B,4,SITE 3,1,unknown,299.991,0.9528485854575638,31 Pre,0.7799339911988266,299.96000000000004,2,0.6631915102846295
31,Post,B,4,SITE 3,1,unknown,300,1,31 Post,0.9618532371612036,300.6415,2,0.8923227184996783
31,During,B,4,SITE 3,1,unknown,298.95700000000005,0.5573209525115651,31 During,0.35517893220779745,299.94599999999997,2,0.713716753496024
33,During,D,4,SITE 3,1,mannarensis,299.99199999999996,0.3248919971199232,33 During,0.3140113691299782,299.935,2,0.9915782771885145
33,Post,D,4,SITE 3,1,mannarensis,299.99199999999996,0.03834435584948932,33 Post,0.10192095864347941,299.59000000000003,2,0.9683991573108616
70,Pre,A,4,SITE 1,1,mannarensis,300,1,70 Pre,0,300,2,0
133,During,H,2,SITE 5,1,mannarensis,300,1,133 During,0,300,2,0
133,Post,H,2,SITE 5,1,mannarensis,300,1,133 Post,0,300,2,0
33,Pre,D,4,SITE 3,1,mannarensis,300,1,33 Pre,0,300,2,0
